timestamp,cpu_percent,memory_usage_mb,memory_percent,response_time_ms,status
2025-09-26 07:52:34,99.72,394.2,38.50,471,healthy
2025-09-26 07:52:40,14.32,826,80.66,37,healthy
2025-09-26 07:52:46,0.01,30,2.93,24,healthy
2025-09-26 07:52:52,0.01,30.09,2.94,24,healthy
2025-09-26 07:52:58,103.42,464.2,45.33,197,healthy
2025-09-26 07:53:04,107.93,971.2,94.84,266,unhealthy
2025-09-26 07:53:10,104.51,211.7,20.67,90,healthy
2025-09-26 07:53:16,0.01,623.3,60.87,55,healthy
2025-09-26 07:53:22,8.10,623.4,60.88,26,healthy
2025-09-26 07:53:27,103.25,865.8,84.55,250,healthy
2025-09-26 07:53:33,0.01,31.7,3.10,25,healthy
2025-09-26 07:53:39,0.01,31.77,3.10,27,healthy
2025-09-26 07:53:45,102.15,601.7,58.76,322,healthy
2025-09-26 07:53:50,83.79,132.4,12.93,55,healthy
2025-09-26 07:53:56,1.21,658.6,64.32,24,healthy
2025-09-26 07:54:02,0.02,658.7,64.33,87,healthy
2025-09-26 07:54:08,91.05,744.2,72.68,71,healthy
2025-09-26 07:54:13,0.02,31.57,3.08,25,healthy
2025-09-26 07:54:19,0.01,31.65,3.09,25,healthy
2025-09-26 07:54:25,103.29,346.4,33.83,382,healthy
2025-09-26 07:54:31,101.43,233.6,22.81,18,unhealthy
2025-09-26 07:54:36,101.05,424.4,41.45,121,healthy
2025-09-26 07:54:42,9.90,638.5,62.35,24,healthy
2025-09-26 07:54:48,9.47,638.5,62.35,28,healthy
2025-09-26 07:54:53,104.03,999.3,97.59,23,unhealthy
2025-09-26 07:54:59,104.81,453.6,44.30,132,healthy
2025-09-26 07:55:05,5.77,553.6,54.06,25,healthy
2025-09-26 07:55:11,7.68,553.6,54.06,24,healthy
2025-09-26 07:55:17,101.31,816.6,79.75,188,healthy
2025-09-26 07:55:22,10.26,31.77,3.10,24,healthy
2025-09-26 07:55:28,0.01,31.83,3.11,25,healthy
2025-09-26 07:55:34,47.58,113,11.04,89,healthy
2025-09-26 07:55:39,105.86,788.9,77.04,131,healthy
2025-09-26 07:55:45,1.55,31.71,3.10,115,healthy
2025-09-26 07:55:51,49.40,623.4,60.88,24,healthy
2025-09-26 07:55:57,0.01,623.5,60.89,25,healthy
2025-09-26 07:56:02,0.01,623.5,60.89,74,healthy
2025-09-26 07:56:08,102.02,607.5,59.33,16,unhealthy
2025-09-26 07:56:14,0.01,31.65,3.09,24,healthy
2025-09-26 07:56:20,56.90,113.1,11.04,165,healthy
2025-09-26 07:56:26,100.56,811.9,79.29,217,healthy
2025-09-26 07:56:30,14.55,31.48,3.07,26,healthy
2025-09-26 07:56:36,0.01,46.82,4.57,25,healthy
2025-09-26 07:56:42,0.01,46.84,4.57,25,healthy
2025-09-26 07:56:48,100.89,459.4,44.86,370,healthy
2025-09-26 07:56:53,0.00,23.82,2.33,26,healthy
2025-09-26 07:56:59,9.60,31.61,3.09,24,healthy
2025-09-26 07:57:05,113.41,194.5,18.99,255,healthy
2025-09-26 07:57:11,101.53,879.4,85.88,454,healthy
2025-09-26 07:57:17,1.95,41.63,4.07,24,healthy
2025-09-26 07:57:23,103.42,518.5,50.63,192,healthy
2025-09-26 07:57:28,0.01,613.4,59.90,24,healthy
2025-09-26 07:57:34,7.89,613.5,59.91,116,healthy
2025-09-26 07:57:40,27.60,31.4,3.07,25,healthy
2025-09-26 07:57:45,101.04,374.5,36.57,90,healthy
2025-09-26 07:57:51,101.23,999.7,97.63,20,unhealthy
2025-09-26 07:57:57,0.01,31.55,3.08,24,healthy
2025-09-26 07:58:03,193.22,67.65,6.61,511,healthy
2025-09-26 07:58:09,103.62,685.3,66.92,260,healthy
2025-09-26 07:58:15,0.02,31.49,3.08,25,healthy
2025-09-26 07:58:20,0.01,41.78,4.08,25,healthy
2025-09-26 07:58:26,0.01,41.79,4.08,42,healthy
2025-09-26 07:58:32,101.66,369.1,36.04,114,healthy
2025-09-26 07:58:37,101.33,997,97.36,26,unhealthy
2025-09-26 07:58:43,0.02,31.55,3.08,28,healthy
2025-09-26 07:58:49,86.62,143.4,14.00,305,healthy
2025-09-26 07:58:55,103.41,872.2,85.18,84,healthy
2025-09-26 07:59:01,0.02,31.45,3.07,126,healthy
2025-09-26 07:59:07,4.83,52.07,5.08,165,healthy
2025-09-26 07:59:13,101.88,708.1,69.15,409,healthy
2025-09-26 07:59:19,0.93,31.43,3.07,25,healthy
2025-09-26 07:59:24,0.01,31.61,3.09,25,healthy
2025-09-26 07:59:30,0.01,31.62,3.09,27,healthy
2025-09-26 07:59:36,101.37,495.8,48.42,121,healthy
2025-09-26 07:59:41,0.00,16.97,1.66,26,healthy
2025-09-26 07:59:47,8.81,31.51,3.08,24,healthy
2025-09-26 07:59:53,101.89,253.9,24.79,154,healthy
2025-09-26 07:59:59,100.29,920.4,89.88,115,healthy
2025-09-26 08:00:05,0.02,31.38,3.06,91,healthy
2025-09-26 08:00:11,78.74,67.36,6.58,296,healthy
2025-09-26 08:00:17,87.95,661.1,64.56,24,healthy
2025-09-26 08:00:23,103.00,993.2,96.99,40,unhealthy
2025-09-26 08:00:29,0.02,31.5,3.08,26,healthy
2025-09-26 08:00:34,36.12,92.41,9.02,83,healthy
2025-09-26 08:00:40,109.40,719.6,70.27,253,healthy
2025-09-26 08:00:46,0.01,31.43,3.07,25,healthy
2025-09-26 08:00:52,0.01,31.59,3.08,24,healthy
2025-09-26 08:00:58,103.08,420.1,41.03,320,healthy
2025-09-26 08:01:06,117.12,955.7,93.33,196,healthy
2025-09-26 08:01:11,102.54,348,33.98,111,healthy
2025-09-26 08:01:17,101.36,904.4,88.32,186,healthy
2025-09-26 08:01:23,0.01,31.49,3.08,25,healthy
2025-09-26 08:01:29,0.01,31.57,3.08,183,healthy
2025-09-26 08:01:35,101.43,699.6,68.32,206,healthy
2025-09-26 08:01:40,0.01,31.48,3.07,26,healthy
2025-09-26 08:01:46,0.01,31.57,3.08,24,healthy
2025-09-26 08:01:52,102.87,500.3,48.86,176,healthy
2025-09-26 08:01:57,0.00,24.14,2.36,27,healthy
2025-09-26 08:02:03,19.84,31.55,3.08,27,healthy
2025-09-26 08:02:09,81.70,137.9,13.47,178,healthy
2025-09-26 08:02:15,102.45,800.3,78.15,98,healthy
2025-09-26 08:02:20,0.01,905.2,88.40,24,healthy
2025-09-26 08:02:26,0.01,905.3,88.41,24,healthy
2025-09-26 08:02:32,65.69,93.66,9.15,157,healthy
2025-09-26 08:02:38,101.99,784.5,76.61,120,healthy
2025-09-26 08:02:43,0.02,874.5,85.40,26,healthy
2025-09-26 08:02:49,0.01,874.5,85.40,160,healthy
2025-09-26 08:02:55,0.02,31.48,3.07,25,healthy
2025-09-26 08:03:00,0.01,31.56,3.08,26,healthy
2025-09-26 08:03:06,103.89,399.3,38.99,208,healthy
2025-09-26 08:03:12,0.00,4.52,0.44,47,healthy
2025-09-26 08:03:18,8.95,31.73,3.10,24,healthy
2025-09-26 08:03:23,9.80,31.74,3.10,25,healthy
2025-09-26 08:03:29,102.54,368.7,36.01,148,healthy
2025-09-26 08:03:35,102.65,976.5,95.36,317,unhealthy
2025-09-26 08:03:41,0.01,31.48,3.07,41,healthy
2025-09-26 08:03:47,15.69,71.91,7.02,25,healthy
2025-09-26 08:03:53,101.99,703,68.65,173,healthy
2025-09-26 08:03:58,0.01,31.43,3.07,29,healthy
2025-09-26 08:04:04,0.01,31.5,3.08,25,healthy
2025-09-26 08:04:10,102.09,434.1,42.39,212,healthy
2025-09-26 08:04:16,0.00,18.54,1.81,26,healthy
2025-09-26 08:04:21,103.68,358.9,35.05,102,healthy
2025-09-26 08:04:27,8.57,588.3,57.45,26,healthy
2025-09-26 08:04:33,0.01,588.3,57.45,24,healthy
2025-09-26 08:04:38,99.51,799.6,78.09,102,healthy
2025-09-26 08:04:44,0.01,31.48,3.07,25,healthy
2025-09-26 08:04:50,0.02,31.57,3.08,25,healthy
2025-09-26 08:04:56,103.02,523.1,51.08,387,healthy
2025-09-26 08:05:02,0.00,,,43,unhealthy
2025-09-26 08:05:08,0.02,56.8,5.55,27,healthy
2025-09-26 08:05:13,8.07,56.85,5.55,60,healthy
2025-09-26 08:05:19,104.01,330.3,32.26,208,healthy
2025-09-26 08:05:25,83.15,817.5,79.83,207,healthy
2025-09-26 08:05:31,0.02,31.47,3.07,24,healthy
2025-09-26 08:05:37,0.01,31.55,3.08,35,healthy
2025-09-26 08:05:42,103.37,534.6,52.21,178,healthy
2025-09-26 08:05:48,0.00,17.37,1.70,26,healthy
2025-09-26 08:05:54,9.05,31.53,3.08,29,healthy
2025-09-26 08:06:00,102.86,188.6,18.42,250,healthy
2025-09-26 08:06:06,102.78,588,57.42,162,healthy
2025-09-26 08:06:12,20.42,31.36,3.06,26,healthy
2025-09-26 08:06:17,0.01,31.47,3.07,25,healthy
2025-09-26 08:06:23,104.18,278.6,27.21,258,healthy
2025-09-26 08:06:29,104.62,885,86.43,117,healthy
2025-09-26 08:06:35,0.02,31.46,3.07,25,healthy
2025-09-26 08:06:41,0.02,31.55,3.08,308,healthy
2025-09-26 08:06:47,102.25,719.2,70.23,140,healthy
2025-09-26 08:06:53,101.97,231.5,22.61,155,healthy
2025-09-26 08:06:58,0.01,648.8,63.36,28,healthy
2025-09-26 08:07:04,0.02,648.9,63.37,26,healthy
2025-09-26 08:07:10,107.99,782.2,76.39,160,healthy
2025-09-26 08:07:15,0.02,31.46,3.07,25,healthy
2025-09-26 08:07:21,0.02,31.54,3.08,24,healthy
2025-09-26 08:07:27,101.20,530.3,51.79,132,healthy
2025-09-26 08:07:33,0.00,18.5,1.81,26,healthy
2025-09-26 08:07:38,9.48,31.54,3.08,27,healthy
2025-09-26 08:07:44,102.19,223.1,21.79,147,healthy
2025-09-26 08:07:50,103.24,872.1,85.17,165,healthy
2025-09-26 08:07:56,0.02,31.45,3.07,25,healthy
2025-09-26 08:08:02,0.08,31.62,3.09,328,healthy
2025-09-26 08:08:08,101.47,539.5,52.69,338,healthy
2025-09-26 08:08:12,0.00,11,100.00,16,unhealthy
2025-09-26 08:08:18,0.01,46.51,4.54,24,healthy
2025-09-26 08:08:24,8.69,46.57,4.55,24,healthy
2025-09-26 08:08:30,102.70,378.6,36.97,212,healthy
2025-09-26 08:08:36,101.79,1023,99.90,15,unhealthy
2025-09-26 08:08:41,0.01,31.46,3.07,24,healthy
2025-09-26 08:08:47,81.05,129.1,12.61,148,healthy
2025-09-26 08:08:53,103.09,833.7,81.42,311,healthy
2025-09-26 08:08:59,0.01,31.4,3.07,26,healthy
2025-09-26 08:09:05,0.02,31.48,3.07,336,healthy
2025-09-26 08:09:11,99.84,689.5,67.33,87,healthy
2025-09-26 08:09:17,0.02,31.33,3.06,25,healthy
2025-09-26 08:09:22,0.01,31.55,3.08,24,healthy
2025-09-26 08:09:28,0.01,31.55,3.08,24,healthy
2025-09-26 08:09:34,99.87,469.4,45.84,400,healthy
2025-09-26 08:09:40,0.00,2.047,0.20,41,unhealthy
2025-09-26 08:09:46,3.49,31.43,3.07,26,healthy
2025-09-26 08:09:51,29.93,77.26,7.54,157,healthy
2025-09-26 08:09:57,102.14,748.2,73.07,24,healthy
2025-09-26 08:10:04,166.50,943.5,92.14,236,healthy
2025-09-26 08:10:09,0.01,31.4,3.07,24,healthy
2025-09-26 08:10:15,25.51,87.5,8.54,98,healthy
2025-09-26 08:10:21,102.21,675.2,65.94,161,healthy
2025-09-26 08:10:27,0.01,31.39,3.07,25,healthy
2025-09-26 08:10:32,99.43,418.4,40.86,115,healthy
2025-09-26 08:10:38,0.02,638.4,62.34,25,healthy
2025-09-26 08:10:44,0.01,638.5,62.35,25,healthy
2025-09-26 08:10:49,102.85,1014,99.02,16,unhealthy
2025-09-26 08:10:55,0.01,31.4,3.07,24,healthy
2025-09-26 08:11:01,23.87,41.93,4.09,63,healthy
2025-09-26 08:11:07,103.03,461.8,45.10,549,healthy
2025-09-26 08:11:13,0.00,25.62,2.50,26,healthy
2025-09-26 08:11:19,11.46,31.46,3.07,25,healthy
2025-09-26 08:11:24,102.56,193.2,18.87,139,healthy
2025-09-26 08:11:30,102.35,801.6,78.28,142,healthy
2025-09-26 08:11:36,0.02,31.38,3.06,24,healthy
2025-09-26 08:11:42,0.02,31.47,3.07,371,healthy
2025-09-26 08:11:48,101.66,695.8,67.95,150,healthy
2025-09-26 08:11:54,74.70,147.3,14.38,58,healthy
2025-09-26 08:11:59,0.02,633.3,61.85,25,healthy
2025-09-26 08:12:05,0.01,633.4,61.86,24,healthy
2025-09-26 08:12:11,101.70,906.8,88.55,342,healthy
2025-09-26 08:12:17,102.10,288.1,28.13,78,healthy
2025-09-26 08:12:23,0.02,588.5,57.47,24,healthy
2025-09-26 08:12:28,0.02,588.5,57.47,25,healthy
2025-09-26 08:12:34,104.64,799.5,78.08,261,healthy
2025-09-26 08:12:39,17.47,29.61,2.89,32,healthy
2025-09-26 08:12:44,0.03,29.75,2.91,25,healthy
2025-09-26 08:12:50,101.90,411.2,40.16,145,healthy
2025-09-26 08:12:56,0.00,11,100.00,16,unhealthy
2025-09-26 08:13:02,5.70,44.77,4.37,99,healthy
2025-09-26 08:13:08,9.90,44.83,4.38,24,healthy
2025-09-26 08:13:13,96.81,181.5,17.72,277,healthy
2025-09-26 08:13:19,104.75,847.2,82.73,137,healthy
2025-09-26 08:13:25,0.02,29.66,2.90,25,healthy
2025-09-26 08:13:31,0.01,29.73,2.90,25,healthy
2025-09-26 08:13:36,104.24,609.6,59.53,179,healthy
2025-09-26 08:13:42,38.28,29.63,2.89,26,healthy
2025-09-26 08:13:48,5.59,29.77,2.91,26,healthy
2025-09-26 08:13:54,100.25,256.3,25.03,286,healthy
2025-09-26 08:14:00,104.54,907.4,88.61,229,healthy
2025-09-26 08:14:06,0.02,29.71,2.90,25,healthy
2025-09-26 08:14:12,7.56,40.18,3.92,35,healthy
2025-09-26 08:14:17,103.64,518.1,50.60,82,healthy
2025-09-26 08:14:23,4.55,1000,97.66,25,healthy
2025-09-26 08:14:29,0.01,1000,97.66,25,healthy
2025-09-26 08:14:34,0.00,11,100.00,16,unhealthy
2025-09-26 08:14:40,0.02,29.69,2.90,28,healthy
2025-09-26 08:14:46,103.56,241.9,23.62,130,healthy
2025-09-26 08:14:52,87.93,787.2,76.88,193,healthy
2025-09-26 08:14:57,3.61,39.88,3.89,24,healthy
2025-09-26 08:15:03,0.14,39.92,3.90,55,healthy
2025-09-26 08:15:09,58.89,121,11.82,194,healthy
2025-09-26 08:15:15,102.90,794.2,77.56,318,healthy
2025-09-26 08:15:21,0.02,29.69,2.90,26,healthy
2025-09-26 08:15:26,0.02,29.77,2.91,25,healthy
2025-09-26 08:15:32,103.40,609.3,59.50,264,healthy
2025-09-26 08:15:38,0.01,29.6,2.89,25,healthy
2025-09-26 08:15:44,102.36,426.4,41.64,127,healthy
2025-09-26 08:15:50,0.01,601.6,58.75,25,healthy
2025-09-26 08:15:55,0.02,601.6,58.75,315,healthy
2025-09-26 08:16:02,0.00,11,100.00,38,unhealthy
2025-09-26 08:16:07,0.01,29.68,2.90,25,healthy
2025-09-26 08:16:13,6.89,70.47,6.88,35,healthy
2025-09-26 08:16:19,102.27,640.8,62.58,172,healthy
2025-09-26 08:16:24,1.17,29.61,2.89,25,healthy
2025-09-26 08:16:30,102.79,506.5,49.46,113,healthy
2025-09-26 08:16:36,0.01,631.6,61.68,25,healthy
2025-09-26 08:16:41,0.01,631.6,61.68,24,healthy
2025-09-26 08:16:47,0.00,5.879,0.57,24,healthy
2025-09-26 08:16:53,9.43,29.75,2.91,25,healthy
2025-09-26 08:16:58,9.10,29.78,2.91,25,healthy
2025-09-26 08:17:05,113.85,335,32.71,220,healthy
2025-09-26 08:17:11,102.57,961.3,93.88,105,unhealthy
2025-09-26 08:17:16,0.02,31.34,3.06,24,healthy
2025-09-26 08:17:22,15.62,52.45,5.12,126,healthy
2025-09-26 08:17:28,101.95,701.8,68.54,103,healthy
2025-09-26 08:17:34,0.01,31.99,3.12,25,healthy
2025-09-26 08:17:39,0.01,32.22,3.15,41,healthy
2025-09-26 08:17:45,0.02,32.24,3.15,354,healthy
2025-09-26 08:17:51,102.25,754.1,73.64,96,healthy
2025-09-26 08:17:57,101.60,248.1,24.23,125,healthy
2025-09-26 08:18:03,0.02,623.8,60.92,106,healthy
2025-09-26 08:18:08,0.02,623.8,60.92,27,healthy
2025-09-26 08:18:15,103.87,932.2,91.04,385,healthy
2025-09-26 08:18:20,0.96,32.05,3.13,28,healthy
2025-09-26 08:18:26,0.03,32.1,3.13,25,healthy
2025-09-26 08:18:32,104.02,248.5,24.27,171,healthy
2025-09-26 08:18:38,101.67,832.1,81.26,320,healthy
2025-09-26 08:18:43,0.01,31.87,3.11,25,healthy
2025-09-26 08:18:49,0.02,31.96,3.12,293,healthy
2025-09-26 08:18:55,101.25,647.3,63.21,140,healthy
2025-09-26 08:19:01,46.57,31.36,3.06,28,healthy
2025-09-26 08:19:06,0.69,31.51,3.08,23,healthy
2025-09-26 08:19:12,101.03,314.6,30.72,198,healthy
2025-09-26 08:19:18,99.91,971.7,94.89,99,unhealthy
2025-09-26 08:19:24,104.55,322.8,31.52,112,healthy
2025-09-26 08:19:29,0.01,593.4,57.95,37,healthy
2025-09-26 08:19:35,2.72,593.4,57.95,24,healthy
2025-09-26 08:19:41,106.18,804.7,78.58,202,healthy
2025-09-26 08:19:45,20.16,36.48,3.56,24,healthy
2025-09-26 08:19:51,0.01,36.68,3.58,24,healthy
2025-09-26 08:19:57,0.02,36.69,3.58,24,healthy
2025-09-26 08:20:03,311.72,278.9,27.24,355,healthy
2025-09-26 08:20:09,83.51,737.3,72.00,24,healthy
2025-09-26 08:20:15,5.45,748.8,73.12,25,healthy
2025-09-26 08:20:20,0.02,748.9,73.13,28,healthy
2025-09-26 08:20:26,0.00,2.555,0.25,17,unhealthy
2025-09-26 08:20:32,0.10,31.47,3.07,24,healthy
2025-09-26 08:20:37,28.85,32.1,3.13,25,healthy
2025-09-26 08:20:44,98.93,676.8,66.09,175,healthy
2025-09-26 08:20:50,0.01,31.44,3.07,24,healthy
2025-09-26 08:20:55,0.01,31.55,3.08,24,healthy
2025-09-26 08:21:02,8.44,41.91,4.09,946,healthy
2025-09-26 08:21:08,100.31,585.8,57.21,98,healthy
2025-09-26 08:21:13,0.00,16.45,1.61,25,healthy
2025-09-26 08:21:19,9.37,41.52,4.05,24,healthy
2025-09-26 08:21:25,12.40,41.54,4.06,24,healthy
2025-09-26 08:21:31,102.86,520.4,50.82,174,healthy
2025-09-26 08:21:37,87.03,929.8,90.80,309,unhealthy
2025-09-26 08:21:42,0.02,31.38,3.06,25,healthy
2025-09-26 08:21:48,64.31,137.7,13.45,81,healthy
2025-09-26 08:21:54,104.41,784.2,76.58,305,healthy
2025-09-26 08:21:58,14.11,31.3,3.06,71,healthy
2025-09-26 08:22:04,0.02,31.75,3.10,25,healthy
2025-09-26 08:22:10,0.01,31.77,3.10,25,healthy
2025-09-26 08:22:16,103.33,440.4,43.01,517,healthy
2025-09-26 08:22:22,0.00,13.98,1.37,26,healthy
2025-09-26 08:22:27,9.16,31.65,3.09,28,healthy
2025-09-26 08:22:33,8.28,31.65,3.09,25,healthy
2025-09-26 08:22:39,100.53,213,20.80,252,healthy
2025-09-26 08:22:45,104.97,702.2,68.57,488,healthy
2025-09-26 08:22:50,21.90,56.44,5.51,102,healthy
2025-09-26 08:22:55,59.23,668.3,65.26,24,healthy
2025-09-26 08:23:01,0.01,668.4,65.27,119,healthy
2025-09-26 08:23:07,99.96,786.1,76.77,148,healthy
2025-09-26 08:23:13,0.03,31.43,3.07,25,healthy
2025-09-26 08:23:18,0.01,31.5,3.08,29,healthy
2025-09-26 08:23:24,101.69,509.2,49.73,136,healthy
2025-09-26 08:23:30,0.00,18.68,1.82,24,healthy
2025-09-26 08:23:36,101.78,227.7,22.24,230,healthy
2025-09-26 08:23:42,4.74,648.4,63.32,25,healthy
2025-09-26 08:23:47,0.01,648.4,63.32,24,healthy
2025-09-26 08:23:53,102.76,942.8,92.07,238,healthy
2025-09-26 08:23:59,105.32,293.6,28.67,110,healthy
2025-09-26 08:24:05,0.02,488,47.66,25,healthy
2025-09-26 08:24:10,0.52,488.1,47.67,25,healthy
2025-09-26 08:24:16,101.88,669.6,65.39,141,healthy
2025-09-26 08:24:22,0.01,31.36,3.06,25,healthy
2025-09-26 08:24:28,103.41,537.1,52.45,214,healthy
2025-09-26 08:24:33,15.64,31.34,3.06,26,healthy
2025-09-26 08:24:39,0.01,31.49,3.08,40,healthy
2025-09-26 08:24:45,104.59,329.7,32.20,313,healthy
2025-09-26 08:24:51,10.60,664.4,64.88,55,healthy
2025-09-26 08:24:57,0.01,669.4,65.37,23,healthy
2025-09-26 08:25:02,20.58,671.5,65.58,62,healthy
2025-09-26 08:25:08,107.94,987.8,96.46,109,unhealthy
2025-09-26 08:25:14,0.01,31.42,3.07,25,healthy
2025-09-26 08:25:20,14.25,32.18,3.14,498,healthy
2025-09-26 08:25:26,100.74,739.5,72.22,340,healthy
2025-09-26 08:25:32,0.01,31.43,3.07,23,healthy
2025-09-26 08:25:38,0.01,31.51,3.08,25,healthy
2025-09-26 08:25:44,103.74,519,50.68,131,healthy
2025-09-26 08:25:49,0.00,20.54,2.01,29,healthy
2025-09-26 08:25:55,8.25,29.75,2.91,24,healthy
2025-09-26 08:26:01,115.27,186.8,18.24,455,healthy
2025-09-26 08:26:07,98.45,628.3,61.36,304,healthy
2025-09-26 08:26:13,0.01,29.64,2.89,25,healthy
2025-09-26 08:26:19,104.65,401.4,39.20,82,healthy
2025-09-26 08:26:25,0.01,616.7,60.22,24,healthy
2025-09-26 08:26:30,0.02,616.7,60.22,24,healthy
2025-09-26 08:26:36,102.61,1019,99.51,22,unhealthy
2025-09-26 08:26:42,0.01,29.64,2.89,27,healthy
2025-09-26 08:26:48,96.86,176.5,17.24,368,healthy
2025-09-26 08:26:54,101.32,784.7,76.63,201,healthy
2025-09-26 08:26:59,103.57,231,22.56,74,healthy
2025-09-26 08:27:05,1.51,461.4,45.06,24,healthy
2025-09-26 08:27:11,0.03,461.4,45.06,25,healthy
2025-09-26 08:27:17,100.20,562.4,54.92,273,healthy
2025-09-26 08:27:22,39.99,29.62,2.89,25,healthy
2025-09-26 08:27:28,101.90,499.2,48.75,169,healthy
2025-09-26 08:27:34,0.00,11,100.00,16,unhealthy
2025-09-26 08:27:40,0.02,29.62,2.89,28,healthy
2025-09-26 08:27:45,23.76,70.17,6.85,108,healthy
2025-09-26 08:27:51,48.69,592.2,57.83,99,healthy
2025-09-26 08:27:57,0.02,29.54,2.88,24,healthy
2025-09-26 08:28:03,0.01,29.7,2.90,32,healthy
2025-09-26 08:28:09,102.88,409.6,40.00,141,healthy
2025-09-26 08:28:15,0.00,11,100.00,13,unhealthy
2025-09-26 08:28:20,104.84,321.1,31.36,90,healthy
2025-09-26 08:28:26,7.60,571.3,55.79,24,healthy
2025-09-26 08:28:32,8.20,571.4,55.80,25,healthy
2025-09-26 08:28:37,98.37,679.9,66.40,82,healthy
2025-09-26 08:28:43,0.02,29.59,2.89,30,healthy
2025-09-26 08:28:49,100.26,536.6,52.40,96,healthy
2025-09-26 08:28:55,0.01,621.6,60.70,24,healthy
2025-09-26 08:29:00,7.85,621.7,60.71,122,healthy
2025-09-26 08:29:06,102.14,985.7,96.26,29,unhealthy
2025-09-26 08:29:12,100.59,270.4,26.41,145,healthy
2025-09-26 08:29:18,35.28,847.8,82.79,25,healthy
2025-09-26 08:29:23,8.62,847.9,82.80,26,healthy
2025-09-26 08:29:29,82.58,918.6,89.71,188,healthy
2025-09-26 08:29:35,0.01,29.68,2.90,25,healthy
2025-09-26 08:29:40,0.03,29.77,2.91,30,healthy
2025-09-26 08:29:47,103.25,468.4,45.74,359,healthy
2025-09-26 08:29:52,87.91,1006,98.24,29,unhealthy
2025-09-26 08:29:58,0.01,31.38,3.06,31,healthy
2025-09-26 08:30:04,28.27,31.43,3.07,36,healthy
2025-09-26 08:30:10,102.58,380.4,37.15,241,healthy
2025-09-26 08:30:16,101.47,920,89.84,148,healthy
2025-09-26 08:30:22,0.02,31.23,3.05,26,healthy
2025-09-26 08:30:27,24.15,72.43,7.07,104,healthy
2025-09-26 08:30:33,97.37,742.8,72.54,138,healthy
2025-09-26 08:30:39,0.02,31.27,3.05,166,healthy
2025-09-26 08:30:45,19.62,583.2,56.95,25,healthy
2025-09-26 08:30:50,0.01,583.4,56.97,25,healthy
2025-09-26 08:30:56,0.01,583.4,56.97,92,healthy
2025-09-26 08:31:02,0.00,,,24,unhealthy
2025-09-26 08:31:08,0.02,31.22,3.05,24,healthy
2025-09-26 08:31:14,99.61,172.7,16.87,250,healthy
2025-09-26 08:31:20,104.87,840,82.03,107,healthy
2025-09-26 08:31:25,0.03,31.21,3.05,25,healthy
2025-09-26 08:31:31,0.01,31.3,3.06,25,healthy
2025-09-26 08:31:37,100.92,531.7,51.92,313,healthy
2025-09-26 08:31:43,0.00,22.37,2.18,25,healthy
2025-09-26 08:31:48,7.87,31.29,3.06,25,healthy
2025-09-26 08:31:54,73.10,133.9,13.08,113,healthy
2025-09-26 08:32:00,103.57,710.6,69.39,696,healthy
2025-09-26 08:32:06,13.06,31.12,3.04,26,healthy
2025-09-26 08:32:12,101.59,492.9,48.13,81,healthy
2025-09-26 08:32:17,0.03,638,62.30,25,healthy
2025-09-26 08:32:23,0.01,638,62.30,54,healthy
2025-09-26 08:32:29,0.00,10.42,1.02,25,healthy
2025-09-26 08:32:35,102.64,488,47.66,146,healthy
2025-09-26 08:32:40,104.87,969.2,94.65,33,unhealthy
2025-09-26 08:32:46,0.02,31.21,3.05,25,healthy
2025-09-26 08:32:52,14.55,51.84,5.06,133,healthy
2025-09-26 08:32:58,103.21,642.7,62.76,76,healthy
2025-09-26 08:33:04,111.70,962.1,93.96,78,unhealthy
2025-09-26 08:33:10,0.01,31.14,3.04,25,healthy
2025-09-26 08:33:16,8.28,31.9,3.12,205,healthy
2025-09-26 08:33:21,99.71,590.4,57.66,115,healthy
2025-09-26 08:33:27,34.04,31.12,3.04,24,healthy
2025-09-26 08:33:33,5.24,31.25,3.05,24,healthy
2025-09-26 08:33:39,101.04,329.1,32.14,265,healthy
2025-09-26 08:33:45,100.93,952.5,93.02,88,healthy
2025-09-26 08:33:50,100.49,292.5,28.56,122,healthy
2025-09-26 08:33:56,1.20,628.2,61.35,24,healthy
2025-09-26 08:34:02,0.01,628.2,61.35,123,healthy
2025-09-26 08:34:08,98.99,814.1,79.50,127,healthy
2025-09-26 08:34:13,0.02,31.18,3.04,27,healthy
2025-09-26 08:34:19,0.01,31.27,3.05,25,healthy
2025-09-26 08:34:25,100.02,531,51.86,113,healthy
2025-09-26 08:34:31,0.00,1.535,0.15,24,unhealthy
2025-09-26 08:34:37,1.06,31.21,3.05,25,healthy
2025-09-26 08:34:42,98.47,182.1,17.78,139,healthy
2025-09-26 08:34:48,101.30,749.9,73.23,103,healthy
2025-09-26 08:34:54,1.74,36.36,3.55,25,healthy
2025-09-26 08:35:00,0.02,36.41,3.56,47,healthy
2025-09-26 08:35:06,110.26,192.2,18.77,353,healthy
2025-09-26 08:35:12,64.43,816.3,79.72,142,healthy
2025-09-26 08:35:17,2.69,31.23,3.05,25,healthy
2025-09-26 08:35:23,0.01,31.28,3.05,25,healthy
2025-09-26 08:35:29,12.93,41.8,4.08,25,healthy
2025-09-26 08:35:35,101.23,579.8,56.62,237,healthy
2025-09-26 08:35:40,12.52,31.11,3.04,29,healthy
2025-09-26 08:35:46,0.02,31.27,3.05,24,healthy
2025-09-26 08:35:52,0.01,31.28,3.05,25,healthy
2025-09-26 08:35:58,93.54,610.3,59.60,147,healthy
2025-09-26 08:36:04,105.79,356.1,34.78,16,unhealthy
2025-09-26 08:36:10,0.01,31.25,3.05,44,healthy
2025-09-26 08:36:16,101.22,204.1,19.93,213,healthy
2025-09-26 08:36:22,103.10,840.4,82.07,251,healthy
2025-09-26 08:36:27,5.02,41.34,4.04,25,healthy
2025-09-26 08:36:33,0.02,51.57,5.04,23,healthy
2025-09-26 08:36:39,0.01,51.59,5.04,25,healthy
2025-09-26 08:36:45,102.17,540.7,52.80,344,healthy
2025-09-26 08:36:50,20.03,31.16,3.04,24,healthy
2025-09-26 08:36:56,0.01,31.31,3.06,24,healthy
2025-09-26 08:37:02,119.48,291.6,28.48,274,healthy
2025-09-26 08:37:08,100.70,793.6,77.50,240,healthy
2025-09-26 08:37:14,0.02,31.24,3.05,26,healthy
2025-09-26 08:37:20,0.01,31.31,3.06,25,healthy
2025-09-26 08:37:26,104.63,400.9,39.15,171,healthy
2025-09-26 08:37:31,101.78,24.62,2.40,17,unhealthy
2025-09-26 08:37:37,0.01,31.3,3.06,25,healthy
2025-09-26 08:37:43,9.34,31.36,3.06,25,healthy
2025-09-26 08:37:49,97.30,300,29.30,414,healthy
2025-09-26 08:37:54,103.85,974.5,95.17,116,unhealthy
2025-09-26 08:38:00,0.01,36.27,3.54,26,healthy
2025-09-26 08:38:06,0.02,36.33,3.55,24,healthy
2025-09-26 08:38:12,100.41,375.9,36.71,108,healthy
2025-09-26 08:38:18,99.98,919.1,89.76,182,healthy
2025-09-26 08:38:23,85.60,166.8,16.29,91,healthy
2025-09-26 08:38:29,0.93,643,62.79,25,healthy
2025-09-26 08:38:35,0.02,643,62.79,24,healthy
2025-09-26 08:38:41,26.45,643.3,62.82,238,healthy
2025-09-26 08:38:46,0.78,31.16,3.04,24,healthy
2025-09-26 08:38:52,97.66,648.2,63.30,46,healthy
2025-09-26 08:38:58,0.01,648.4,63.32,24,healthy
2025-09-26 08:39:04,0.02,648.4,63.32,160,healthy
2025-09-26 08:39:10,26.21,31.17,3.04,24,healthy
2025-09-26 08:39:16,0.01,31.31,3.06,25,healthy
2025-09-26 08:39:22,103.62,325.2,31.76,411,healthy
2025-09-26 08:39:27,102.67,978.6,95.57,117,unhealthy
2025-09-26 08:39:33,1.95,41.48,4.05,26,healthy
2025-09-26 08:39:39,0.02,41.52,4.05,25,healthy
2025-09-26 08:39:45,94.21,158.1,15.44,235,healthy
2025-09-26 08:39:50,50.83,762.5,74.46,23,healthy
2025-09-26 08:39:56,33.42,31.16,3.04,25,healthy
2025-09-26 08:40:02,14.71,31.48,3.07,91,healthy
2025-09-26 08:40:08,0.02,31.49,3.08,25,healthy
2025-09-26 08:40:14,104.30,529.9,51.75,481,healthy
2025-09-26 08:40:20,29.71,31.16,3.04,25,healthy
2025-09-26 08:40:26,101.85,447.9,43.74,126,healthy
2025-09-26 08:40:31,0.01,623,60.84,24,healthy
2025-09-26 08:40:37,0.01,623.1,60.85,25,healthy
2025-09-26 08:40:43,103.24,880.9,86.03,125,healthy
2025-09-26 08:40:48,0.02,31.25,3.05,25,healthy
2025-09-26 08:40:54,0.02,31.32,3.06,42,healthy
2025-09-26 08:41:00,102.52,538.5,52.59,551,healthy
2025-09-26 08:41:06,96.34,902,88.09,178,healthy
2025-09-26 08:41:12,0.01,31.23,3.05,25,healthy
2025-09-26 08:41:17,0.02,31.3,3.06,52,healthy
2025-09-26 08:41:23,101.79,520.4,50.82,166,healthy
2025-09-26 08:41:29,40.32,36.27,3.54,26,healthy
2025-09-26 08:41:35,103.11,593.7,57.98,23,healthy
2025-09-26 08:41:40,0.02,648.4,63.32,25,healthy
2025-09-26 08:41:46,0.01,648.4,63.32,44,healthy
2025-09-26 08:41:52,0.00,1.289,0.13,99,healthy
2025-09-26 08:41:58,8.90,31.31,3.06,25,healthy
2025-09-26 08:42:05,76.75,147.7,14.42,105,healthy
2025-09-26 08:42:11,68.70,524,51.17,68,healthy
2025-09-26 08:42:16,0.00,31.15,3.04,25,healthy
2025-09-26 08:42:22,9.15,31.29,3.06,24,healthy
2025-09-26 08:42:28,98.64,243.6,23.79,217,healthy
2025-09-26 08:42:34,103.31,936.2,91.43,245,healthy
2025-09-26 08:42:39,0.02,31.15,3.04,27,healthy
2025-09-26 08:42:45,6.70,41.73,4.08,38,healthy
2025-09-26 08:42:51,99.21,570,55.66,147,healthy
2025-09-26 08:42:57,0.00,7.484,0.73,47,healthy
2025-09-26 08:43:02,14.49,31.35,3.06,31,healthy
2025-09-26 08:43:08,7.98,31.36,3.06,24,healthy
2025-09-26 08:43:14,100.73,368.3,35.97,380,healthy
2025-09-26 08:43:20,0.00,11,100.00,16,unhealthy
2025-09-26 08:43:25,0.01,31.14,3.04,24,healthy
2025-09-26 08:43:31,28.48,86.65,8.46,189,healthy
2025-09-26 08:43:37,101.70,699.6,68.32,202,healthy
2025-09-26 08:43:43,47.38,31.07,3.03,25,healthy
2025-09-26 08:43:49,106.86,468,45.70,96,healthy
2025-09-26 08:43:54,0.02,608,59.38,24,healthy
2025-09-26 08:44:00,0.01,608.1,59.38,26,healthy
2025-09-26 08:44:07,93.91,917.4,89.59,248,healthy
2025-09-26 08:44:12,103.24,272.4,26.60,74,healthy
2025-09-26 08:44:18,5.96,618,60.35,25,healthy
2025-09-26 08:44:24,0.00,30.16,2.95,25,healthy
2025-09-26 08:44:29,9.15,31.22,3.05,26,healthy
2025-09-26 08:44:35,98.18,183,17.87,106,healthy
2025-09-26 08:44:41,106.33,773.6,75.55,154,healthy
2025-09-26 08:44:47,0.00,1.703,0.17,16,unhealthy
2025-09-26 08:44:52,1.58,31.12,3.04,24,healthy
2025-09-26 08:44:58,88.36,132.8,12.97,102,healthy
2025-09-26 08:45:05,116.10,569.6,55.62,145,healthy
2025-09-26 08:45:11,26.34,1015,99.12,25,healthy
2025-09-26 08:45:16,0.02,1020,99.61,31,healthy
2025-09-26 08:45:22,0.02,1017,99.32,25,healthy
2025-09-26 08:45:28,32.85,106.9,10.44,54,healthy
2025-09-26 08:45:33,99.78,744,72.66,87,healthy
2025-09-26 08:45:39,0.01,31.08,3.04,27,healthy
2025-09-26 08:45:45,0.01,31.16,3.04,24,healthy
2025-09-26 08:45:51,95.41,449.9,43.94,196,healthy
2025-09-26 08:45:57,0.00,1.047,0.10,21,unhealthy
2025-09-26 08:46:02,13.09,56.44,5.51,48,healthy
2025-09-26 08:46:08,12.83,56.42,5.51,23,healthy
2025-09-26 08:46:14,53.37,127.4,12.44,110,healthy
2025-09-26 08:46:20,106.14,790,77.15,178,healthy
2025-09-26 08:46:26,0.01,31.13,3.04,25,healthy
2025-09-26 08:46:31,0.01,31.2,3.05,26,healthy
2025-09-26 08:46:37,106.01,435.7,42.55,311,healthy
2025-09-26 08:46:43,103.38,990.8,96.76,18,unhealthy
2025-09-26 08:46:49,0.01,31.21,3.05,39,healthy
2025-09-26 08:46:54,0.01,31.26,3.05,25,healthy
2025-09-26 08:47:00,99.53,172.8,16.88,239,healthy
2025-09-26 08:47:06,101.28,603.5,58.94,305,healthy
2025-09-26 08:47:12,10.42,31.02,3.03,26,healthy
2025-09-26 08:47:18,0.02,31.17,3.04,24,healthy
2025-09-26 08:47:24,100.84,313.1,30.58,232,healthy
2025-09-26 08:47:30,102.40,997.5,97.41,69,unhealthy
2025-09-26 08:47:35,102.53,492.9,48.13,62,healthy
2025-09-26 08:47:41,0.01,638,62.30,25,healthy
2025-09-26 08:47:47,11.67,638.1,62.31,25,healthy
2025-09-26 08:47:52,0.00,1.734,0.17,24,unhealthy
2025-09-26 08:47:58,101.12,645.5,63.04,24,healthy
2025-09-26 08:48:04,11.10,678.3,66.24,27,healthy
2025-09-26 08:48:10,0.01,678.3,66.24,24,healthy
2025-09-26 08:48:15,100.16,935.9,91.40,176,healthy
2025-09-26 08:48:21,0.01,30.88,3.02,26,healthy
2025-09-26 08:48:27,9.64,31.5,3.08,161,healthy
2025-09-26 08:48:33,66.71,558.3,54.52,135,healthy
2025-09-26 08:48:38,38.83,30.91,3.02,27,healthy
2025-09-26 08:48:44,7.86,30.98,3.03,24,healthy
2025-09-26 08:48:50,99.81,182.7,17.84,158,healthy
2025-09-26 08:48:56,91.86,765.3,74.74,121,healthy
2025-09-26 08:49:02,0.00,17.57,1.72,118,unhealthy
2025-09-26 08:49:08,0.01,30.91,3.02,25,healthy
2025-09-26 08:49:13,45.35,106.9,10.44,106,healthy
2025-09-26 08:49:19,106.54,728.5,71.14,223,healthy
2025-09-26 08:49:25,35.37,30.71,3.00,25,healthy
2025-09-26 08:49:31,101.33,526.2,51.39,24,healthy
2025-09-26 08:49:36,0.00,11,100.00,13,unhealthy
2025-09-26 08:49:42,0.02,30.74,3.00,24,healthy
2025-09-26 08:49:48,41.29,106.9,10.44,222,healthy
2025-09-26 08:49:54,98.70,717.3,70.05,114,healthy
2025-09-26 08:49:59,0.02,30.75,3.00,25,healthy
2025-09-26 08:50:05,0.02,30.83,3.01,26,healthy
2025-09-26 08:50:11,94.17,474.8,46.37,335,healthy
2025-09-26 08:50:17,0.00,16.72,1.63,25,healthy
2025-09-26 08:50:23,9.52,40.91,4.00,26,healthy
2025-09-26 08:50:28,7.71,40.91,4.00,25,healthy
2025-09-26 08:50:34,12.45,71.71,7.00,117,healthy
2025-09-26 08:50:40,22.29,633.8,61.89,109,healthy
2025-09-26 08:50:46,18.89,30.62,2.99,25,healthy
2025-09-26 08:50:51,0.01,30.76,3.00,24,healthy
2025-09-26 08:50:57,101.69,330.7,32.29,167,healthy
2025-09-26 08:51:04,114.63,846.6,82.68,254,healthy
2025-09-26 08:51:10,0.01,30.7,3.00,25,healthy
2025-09-26 08:51:15,0.01,30.77,3.00,69,healthy
2025-09-26 08:51:22,102.47,669.2,65.35,327,healthy
2025-09-26 08:51:28,0.01,31.52,3.08,25,healthy
2025-09-26 08:51:33,0.02,31.67,3.09,25,healthy
2025-09-26 08:51:39,103.97,391.7,38.25,440,healthy
2025-09-26 08:51:45,102.93,68.09,6.65,21,unhealthy
2025-09-26 08:51:51,100.73,478,46.68,106,healthy
2025-09-26 08:51:56,8.23,633.2,61.84,24,healthy
2025-09-26 08:52:02,14.23,633.2,61.84,129,healthy
2025-09-26 08:52:09,0.00,,,22,unhealthy
2025-09-26 08:52:14,2.22,31.28,3.05,25,healthy
2025-09-26 08:52:20,95.79,187.9,18.35,109,healthy
2025-09-26 08:52:26,98.00,721.4,70.45,139,healthy
2025-09-26 08:52:32,0.79,961.4,93.89,24,healthy
2025-09-26 08:52:37,0.02,961.5,93.90,25,healthy
2025-09-26 08:52:43,103.93,1015,99.12,29,unhealthy
2025-09-26 08:52:49,100.65,342.6,33.46,94,healthy
2025-09-26 08:52:54,2.12,648.2,63.30,211,healthy
2025-09-26 08:53:00,30.47,30.98,3.03,27,healthy
2025-09-26 08:53:06,0.01,31.12,3.04,25,healthy
2025-09-26 08:53:12,90.06,223.2,21.80,295,healthy
2025-09-26 08:53:18,101.13,825.8,80.64,130,healthy
2025-09-26 08:53:23,101.94,177.1,17.29,75,healthy
2025-09-26 08:53:29,0.02,623,60.84,24,healthy
2025-09-26 08:53:35,0.01,623.1,60.85,25,healthy
2025-09-26 08:53:41,100.40,815.1,79.60,407,healthy
2025-09-26 08:53:47,103.60,371.7,36.30,264,healthy
2025-09-26 08:53:52,100.93,776.9,75.87,122,healthy
2025-09-26 08:53:58,0.01,31.07,3.03,24,healthy
2025-09-26 08:54:04,0.03,31.15,3.04,33,healthy
2025-09-26 08:54:10,101.78,541.4,52.87,123,healthy
2025-09-26 08:54:16,80.87,991,96.78,23,unhealthy
2025-09-26 08:54:22,0.03,31.16,3.04,27,healthy
2025-09-26 08:54:27,0.02,31.21,3.05,25,healthy
2025-09-26 08:54:33,102.63,447.8,43.73,209,healthy
2025-09-26 08:54:39,100.98,745.2,72.77,140,healthy
2025-09-26 08:54:45,0.01,31.06,3.03,26,healthy
2025-09-26 08:54:50,0.02,31.15,3.04,25,healthy
2025-09-26 08:54:56,102.19,444,43.36,163,healthy
2025-09-26 08:55:02,148.73,936.8,91.48,257,healthy
2025-09-26 08:55:08,0.02,31.02,3.03,25,healthy
2025-09-26 08:55:13,0.01,31.11,3.04,24,healthy
2025-09-26 08:55:19,93.66,429,41.89,135,healthy
2025-09-26 08:55:26,101.85,1014,99.02,1053,healthy
2025-09-26 08:55:32,102.81,568.2,55.49,23,healthy
2025-09-26 08:55:38,7.68,638.1,62.31,24,healthy
2025-09-26 08:55:43,0.01,638.1,62.31,24,healthy
2025-09-26 08:55:49,0.00,6.5,0.63,44,healthy
2025-09-26 08:55:55,7.64,41.72,4.07,24,healthy
2025-09-26 08:56:00,10.29,41.72,4.07,24,healthy
2025-09-26 08:56:07,98.69,374.7,36.59,198,healthy
2025-09-26 08:56:13,96.64,972.8,95.00,23,healthy
2025-09-26 08:56:18,0.02,31.32,3.06,25,healthy
2025-09-26 08:56:24,0.01,31.4,3.07,24,healthy
2025-09-26 08:56:30,102.30,523.7,51.14,243,healthy
2025-09-26 08:56:36,0.00,29.77,2.91,36,healthy
2025-09-26 08:56:41,9.53,31.39,3.07,25,healthy
2025-09-26 08:56:47,0.01,31.4,3.07,24,healthy
2025-09-26 08:56:53,104.99,477,46.58,306,healthy
2025-09-26 08:56:59,5.93,932.8,91.09,49,healthy
2025-09-26 08:57:05,0.02,31.3,3.06,26,healthy
2025-09-26 08:57:10,0.01,31.39,3.07,25,healthy
2025-09-26 08:57:16,103.78,642.6,62.75,221,healthy
2025-09-26 08:57:22,23.56,30.94,3.02,25,healthy
2025-09-26 08:57:28,102.80,614,59.96,107,healthy
2025-09-26 08:57:34,0.01,899,87.79,25,healthy
2025-09-26 08:57:39,0.01,899.1,87.80,40,healthy
2025-09-26 08:57:45,33.38,30.95,3.02,25,healthy
2025-09-26 08:57:50,0.01,31.1,3.04,25,healthy
2025-09-26 08:57:56,100.96,286.9,28.02,193,healthy
2025-09-26 08:58:03,125.57,818.1,79.89,582,healthy
2025-09-26 08:58:09,18.93,81.62,7.97,139,healthy
2025-09-26 08:58:15,7.83,643,62.79,118,healthy
2025-09-26 08:58:20,19.19,29.28,2.86,26,healthy
2025-09-26 08:58:26,0.02,29.43,2.87,25,healthy
2025-09-26 08:58:32,90.77,236.2,23.07,161,healthy
2025-09-26 08:58:38,92.63,817.7,79.85,205,healthy
2025-09-26 08:58:44,0.01,29.38,2.87,90,unhealthy
2025-09-26 09:10:11,95.18,326.3,31.87,381,healthy
2025-09-26 09:10:16,0.00,23.12,2.26,22,healthy
2025-09-26 09:10:22,8.06,23.25,2.27,22,healthy
2025-09-26 09:10:28,99.48,301.4,29.43,357,healthy
2025-09-26 09:10:34,0.00,2.617,0.26,47,healthy
2025-09-26 09:10:40,94.76,193.7,18.92,130,healthy
2025-09-26 09:10:45,101.07,826.8,80.74,51,healthy
2025-09-26 09:10:51,0.01,27.62,2.70,24,healthy
2025-09-26 09:10:57,0.01,27.7,2.71,93,healthy
2025-09-26 09:11:03,99.28,761.2,74.34,233,healthy
2025-09-26 09:11:08,0.01,27.62,2.70,22,healthy
2025-09-26 09:11:14,0.01,27.7,2.71,23,healthy
2025-09-26 09:11:20,101.76,695.9,67.96,147,healthy
2025-09-26 09:11:25,2.95,37.73,3.68,21,healthy
2025-09-26 09:11:31,0.01,37.86,3.70,22,healthy
2025-09-26 09:11:36,0.01,37.86,3.70,23,healthy
2025-09-26 09:11:43,102.88,486.6,47.52,400,healthy
2025-09-26 09:11:48,0.00,19.62,1.92,22,healthy
2025-09-26 09:11:54,7.50,27.68,2.70,21,healthy
2025-09-26 09:12:00,96.70,245.4,23.96,157,healthy
2025-09-26 09:12:06,102.19,999.2,97.58,30,unhealthy
2025-09-26 09:12:11,100.04,323.3,31.57,127,healthy
2025-09-26 09:12:17,7.80,714,69.73,24,healthy
2025-09-26 09:12:23,8.63,714.1,69.74,23,healthy
2025-09-26 09:12:28,0.00,18.74,1.83,24,healthy
2025-09-26 09:12:34,8.83,26.85,2.62,24,healthy
2025-09-26 09:12:40,96.00,154.4,15.08,244,healthy
2025-09-26 09:12:46,99.86,919.1,89.76,107,healthy
2025-09-26 09:12:51,0.01,26.78,2.62,21,healthy
2025-09-26 09:12:57,39.64,113,11.04,143,healthy
2025-09-26 09:13:03,98.65,812.2,79.32,21,healthy
2025-09-26 09:13:08,0.01,26.77,2.61,21,healthy
2025-09-26 09:13:14,0.01,26.85,2.62,22,healthy
2025-09-26 09:13:20,100.45,624.5,60.99,95,healthy
2025-09-26 09:13:25,0.01,26.78,2.62,22,healthy
2025-09-26 09:13:31,0.01,26.86,2.62,23,healthy
2025-09-26 09:13:37,99.11,360.7,35.22,163,healthy
2025-09-26 09:13:42,100.93,967.4,94.47,126,healthy
2025-09-26 09:13:48,99.39,298.1,29.11,129,healthy
2025-09-26 09:13:54,0.01,693.9,67.76,24,healthy
2025-09-26 09:13:59,11.81,694,67.77,24,healthy
2025-09-26 09:14:05,102.68,996.9,97.35,37,unhealthy
2025-09-26 09:14:11,73.38,197.9,19.33,95,healthy
2025-09-26 09:14:17,1.13,794.2,77.56,22,healthy
2025-09-26 09:14:22,7.66,794.3,77.57,22,healthy
2025-09-26 09:14:28,97.96,905.3,88.41,87,healthy
2025-09-26 09:14:34,0.01,26.78,2.62,23,healthy
2025-09-26 09:14:39,0.01,26.85,2.62,22,healthy
2025-09-26 09:14:45,100.73,632.4,61.76,207,healthy
2025-09-26 09:14:51,0.00,25.8,2.52,24,healthy
2025-09-26 09:14:56,9.72,26.83,2.62,21,healthy
2025-09-26 09:15:02,55.67,93.02,9.08,165,healthy
2025-09-26 09:15:08,101.84,849.6,82.97,172,healthy
2025-09-26 09:15:14,0.01,26.69,2.61,16,unhealthy
2025-09-26 09:51:06,101.05,245.9,24.01,744,healthy
2025-09-26 09:51:12,87.76,667.3,65.17,263,healthy
2025-09-26 09:51:18,35.76,29.39,2.87,26,healthy
2025-09-26 09:51:23,0.01,29.54,2.88,29,healthy
2025-09-26 09:51:29,101.27,242.8,23.71,220,healthy
2025-09-26 09:51:35,102.08,703.7,68.72,57,healthy
2025-09-26 09:51:41,35.02,31.07,3.03,29,healthy
2025-09-26 09:51:46,0.02,31.23,3.05,30,healthy
2025-09-26 09:51:52,99.90,213,20.80,97,healthy
2025-09-26 09:51:58,95.50,727.7,71.06,102,healthy
2025-09-26 09:52:05,79.26,29.1,2.84,28,healthy
2025-09-26 09:52:10,10.68,29.61,2.89,25,healthy
2025-09-26 09:52:16,95.24,367.3,35.87,226,healthy
2025-09-26 09:52:22,103.05,967.1,94.44,199,unhealthy
2025-09-26 09:52:28,98.40,331.1,32.33,126,healthy
2025-09-26 09:52:34,0.01,541.4,52.87,33,healthy
2025-09-26 09:52:40,7.90,541.5,52.88,30,healthy
2025-09-26 09:52:46,95.19,853,83.30,135,healthy
2025-09-26 09:52:51,0.95,44.83,4.38,25,healthy
2025-09-26 09:52:57,0.02,44.88,4.38,26,healthy
2025-09-26 09:53:03,142.18,45.18,4.41,324,healthy
2025-09-26 09:53:09,104.65,520.2,50.80,192,healthy
2025-09-26 09:53:15,95.80,862.6,84.24,18,unhealthy
2025-09-26 09:53:21,0.01,29.73,2.90,42,healthy
2025-09-26 09:53:26,8.90,29.79,2.91,26,healthy
2025-09-26 09:53:32,100.94,151.4,14.79,167,healthy
2025-09-26 09:53:38,103.66,707.7,69.11,172,healthy
2025-09-26 09:53:44,0.02,30.56,2.98,28,healthy
2025-09-26 09:53:50,0.01,30.64,2.99,29,healthy
2025-09-26 09:53:56,102.61,350.7,34.25,483,healthy
2025-09-26 09:54:02,119.84,880.8,86.02,485,healthy
2025-09-26 09:54:08,0.02,30.57,2.99,43,healthy
2025-09-26 09:54:14,0.01,45.91,4.48,29,healthy
2025-09-26 09:54:20,0.01,45.92,4.48,26,healthy
2025-09-26 09:54:26,102.83,495.3,48.37,192,healthy
2025-09-26 09:54:32,102.76,975,95.21,366,unhealthy
2025-09-26 09:54:38,0.02,31.1,3.04,27,healthy
2025-09-26 09:54:43,68.00,127.1,12.41,185,healthy
2025-09-26 09:54:50,99.51,769.9,75.19,230,healthy
2025-09-26 09:54:56,0.03,31.01,3.03,27,healthy
2025-09-26 09:55:03,0.05,31.18,3.04,576,healthy
2025-09-26 09:55:09,102.73,483.7,47.24,171,healthy
2025-09-26 09:55:15,89.25,945.1,92.29,52,healthy
2025-09-26 09:55:21,102.31,359.4,35.10,212,healthy
2025-09-26 09:55:26,100.83,899.8,87.87,167,healthy
2025-09-26 09:55:32,46.37,31.33,3.06,41,healthy
2025-09-26 09:55:38,64.03,157.8,15.41,191,healthy
2025-09-26 09:55:45,100.86,655.9,64.05,340,healthy
2025-09-26 09:55:51,35.92,31.01,3.03,45,healthy
2025-09-26 09:55:57,21.04,81.45,7.95,45,healthy
2025-09-26 09:56:03,184.44,188.8,18.44,352,healthy
2025-09-26 09:56:10,102.62,654.5,63.92,133,healthy
2025-09-26 09:56:16,58.07,96.88,9.46,131,healthy
2025-09-26 09:56:22,96.09,613.3,59.89,83,healthy
2025-09-26 09:56:28,0.00,2.535,0.25,15,unhealthy
2025-09-26 09:56:33,98.42,543.1,53.04,62,healthy
2025-09-26 09:56:39,0.00,27.48,2.68,118,healthy
2025-09-26 09:56:45,101.68,642.7,62.76,102,healthy
2025-09-26 09:56:51,99.71,231.6,22.62,288,healthy
2025-09-26 09:56:57,101.61,838.7,81.90,230,healthy
2025-09-26 09:57:03,181.43,252.4,24.65,292,healthy
2025-09-26 09:57:09,101.44,748.9,73.13,300,healthy
2025-09-26 09:57:15,0.02,31.09,3.04,25,healthy
2025-09-26 09:57:20,0.01,31.16,3.04,26,healthy
2025-09-26 09:57:27,104.52,463.7,45.28,332,healthy
2025-09-26 09:57:32,0.00,8.887,0.87,35,healthy
2025-09-26 09:57:38,9.84,41.99,4.10,25,healthy
2025-09-26 09:57:44,1.16,42,4.10,30,healthy
2025-09-26 09:57:50,31.89,94.14,9.19,187,healthy
2025-09-26 09:57:56,103.31,679.8,66.39,181,healthy
2025-09-26 09:58:02,60.50,30.86,3.01,87,healthy
2025-09-26 09:58:08,0.02,31.02,3.03,25,healthy
2025-09-26 09:58:14,88.84,278.6,27.21,97,healthy
2025-09-26 09:58:20,104.40,855,83.50,284,healthy
2025-09-26 09:58:26,0.02,30.95,3.02,27,healthy
2025-09-26 09:58:32,0.01,31.02,3.03,231,healthy
2025-09-26 09:58:39,103.53,636.5,62.16,441,healthy
2025-09-26 09:58:45,82.61,146.8,14.34,70,healthy
2025-09-26 09:58:50,3.56,627.8,61.31,98,healthy
2025-09-26 09:58:56,0.02,30.95,3.02,26,healthy
2025-09-26 09:59:02,0.02,31.03,3.03,113,healthy
2025-09-26 09:59:09,102.83,454.7,44.40,137,healthy
2025-09-26 09:59:14,104.18,1021,99.71,22,unhealthy
2025-09-26 09:59:20,0.03,41.75,4.08,37,healthy
2025-09-26 09:59:26,0.50,41.81,4.08,25,healthy
2025-09-26 09:59:32,104.14,415.4,40.57,562,healthy
2025-09-26 09:59:38,0.00,2.738,0.27,44,unhealthy
2025-09-26 09:59:44,3.48,30.99,3.03,26,healthy
2025-09-26 10:01:28,88.09,369.2,36.05,359,healthy
2025-09-26 10:01:34,64.85,663.5,64.79,276,healthy
2025-09-26 10:01:40,35.09,30.4,2.97,25,healthy
2025-09-26 10:01:46,5.55,30.54,2.98,26,healthy
2025-09-26 10:01:52,99.71,366.5,35.79,170,healthy
2025-09-26 10:01:59,97.44,728.2,71.11,481,healthy
2025-09-26 10:02:05,70.21,30.29,2.96,26,healthy
2025-09-26 10:02:11,9.54,30.43,2.97,25,healthy
2025-09-26 10:02:17,105.75,473.6,46.25,254,healthy
2025-09-26 10:02:23,98.29,969.2,94.65,17,unhealthy
2025-09-26 10:02:28,0.01,30.39,2.97,24,healthy
2025-09-26 10:02:34,0.02,30.45,2.97,29,healthy
2025-09-26 10:02:40,108.39,389.7,38.06,96,healthy
2025-09-26 10:02:46,106.97,944,92.19,111,healthy
2025-09-26 10:02:52,105.76,497.2,48.55,88,healthy
2025-09-26 10:02:58,0.01,611.3,59.70,25,healthy
2025-09-26 10:03:05,12.15,611.3,59.70,164,healthy
2025-09-26 10:03:11,57.05,1022,99.80,24,unhealthy
2025-09-26 10:03:16,1.91,45.57,4.45,37,healthy
2025-09-26 10:03:22,0.01,45.61,4.45,26,healthy
2025-09-26 10:03:28,30.54,61.09,5.97,29,healthy
2025-09-26 10:03:34,91.57,425.6,41.56,211,healthy
2025-09-26 10:03:39,93.96,938.9,91.69,25,healthy
2025-09-26 10:03:45,0.01,955.1,93.27,26,healthy
2025-09-26 10:03:51,11.90,955.6,93.32,258,healthy
2025-09-26 10:03:57,1.48,30.55,2.98,26,healthy
2025-09-26 10:04:03,0.05,40.65,3.97,341,healthy
2025-09-26 10:04:09,0.01,40.66,3.97,26,healthy
2025-09-26 10:04:15,104.55,575.6,56.21,151,healthy
2025-09-26 10:04:21,100.68,890.7,86.98,222,healthy
2025-09-26 10:04:26,0.02,30.36,2.96,28,healthy
2025-09-26 10:04:32,0.02,30.44,2.97,245,healthy
2025-09-26 10:04:39,101.84,603.8,58.96,380,healthy
2025-09-26 10:04:45,31.11,30.29,2.96,27,healthy
2025-09-26 10:04:50,0.93,30.63,2.99,26,healthy
2025-09-26 10:04:56,0.01,30.64,2.99,26,healthy
2025-09-26 10:05:02,113.71,217,21.19,521,healthy
2025-09-26 10:05:09,94.69,534.1,52.16,379,healthy
2025-09-26 10:05:15,0.00,2.973,0.29,33,unhealthy
2025-09-26 10:05:21,98.07,356.9,34.85,145,healthy
2025-09-26 10:05:27,13.99,487,47.56,65,healthy
2025-09-26 10:05:33,12.98,487,47.56,225,healthy
2025-09-26 10:05:39,92.07,889.8,86.89,140,healthy
2025-09-26 10:05:44,2.72,30.55,2.98,25,healthy
2025-09-26 10:05:50,0.01,30.61,2.99,41,healthy
2025-09-26 10:05:56,90.95,172.4,16.84,197,healthy
2025-09-26 10:06:03,108.95,614.4,60.00,817,healthy
2025-09-26 10:06:09,102.09,951.5,92.92,283,healthy
2025-09-26 10:06:15,0.02,30.36,2.96,27,healthy
2025-09-26 10:06:21,13.35,31.17,3.04,211,healthy
2025-09-26 10:06:27,101.89,672.1,65.63,281,healthy
2025-09-26 10:06:33,36.08,30.28,2.96,26,healthy
2025-09-26 10:06:39,1.78,40.71,3.98,26,healthy
2025-09-26 10:06:44,0.02,40.74,3.98,26,healthy
2025-09-26 10:06:50,103.26,233.7,22.82,246,healthy
2025-09-26 10:06:56,95.84,800.1,78.13,258,healthy
2025-09-26 10:07:03,0.02,30.37,2.97,181,healthy
2025-09-26 10:07:09,0.01,30.45,2.97,136,healthy
2025-09-26 10:07:15,101.03,549.2,53.63,343,healthy
2025-09-26 10:07:20,0.00,2.25,0.22,63,unhealthy
2025-09-26 10:07:26,2.33,30.38,2.97,31,healthy
2025-09-26 10:07:32,64.34,116.6,11.39,201,healthy
2025-09-26 10:07:38,6.52,472.6,46.15,124,healthy
2025-09-26 10:07:44,103.58,941.5,91.94,85,healthy
2025-09-26 10:07:50,0.07,30.36,2.96,38,healthy
2025-09-26 10:07:55,9.68,40.86,3.99,28,healthy
2025-09-26 10:08:02,105.42,593.2,57.93,1151,healthy
2025-09-26 10:08:08,5.83,775.4,75.72,127,healthy
2025-09-26 10:08:14,0.02,30.36,2.96,27,healthy
2025-09-26 10:08:20,0.02,30.43,2.97,44,healthy
2025-09-26 10:08:26,102.80,439.9,42.96,383,healthy
2025-09-26 10:08:32,101.89,991.2,96.80,40,unhealthy
2025-09-26 10:08:38,0.01,30.36,2.96,26,healthy
2025-09-26 10:08:44,0.01,30.43,2.97,249,healthy
2025-09-26 10:08:51,97.46,673.8,65.80,299,healthy
2025-09-26 10:08:56,7.29,1022,99.80,25,healthy
2025-09-26 10:09:02,0.02,30.37,2.97,79,healthy
2025-09-26 10:09:08,9.66,40.87,3.99,168,healthy
2025-09-26 10:09:14,64.37,563.5,55.03,64,healthy
2025-09-26 10:09:20,94.43,899.8,87.87,137,healthy
2025-09-26 10:09:26,0.01,30.52,2.98,26,healthy
2025-09-26 10:09:32,0.01,30.57,2.99,28,healthy
2025-09-26 10:09:38,102.90,265.1,25.89,279,healthy
2025-09-26 10:09:43,101.71,740.3,72.29,158,healthy
2025-09-26 10:09:49,0.02,30.37,2.97,37,healthy
2025-09-26 10:09:55,0.01,30.53,2.98,26,healthy
2025-09-26 10:10:02,109.64,420.4,41.05,1291,healthy
2025-09-26 10:10:08,104.55,775.6,75.74,225,healthy
2025-09-26 10:10:14,96.84,191.8,18.73,232,healthy
2025-09-26 10:10:20,1.86,517.2,50.51,26,healthy
2025-09-26 10:10:26,0.01,517.3,50.52,25,healthy
2025-09-26 10:10:31,15.04,517.3,50.52,51,healthy
2025-09-26 10:10:37,36.85,845.6,82.58,105,healthy
2025-09-26 10:10:43,8.33,30.29,2.96,27,healthy
2025-09-26 10:11:56,99.76,281.1,27.45,218,healthy
2025-09-26 10:12:03,99.94,820.5,80.13,1339,healthy
2025-09-26 10:12:10,3.41,41.52,4.05,195,healthy
2025-09-26 10:12:16,104.12,674.3,65.85,122,healthy
2025-09-26 10:12:21,30.88,30.15,2.94,25,healthy
2025-09-26 10:12:27,0.02,30.28,2.96,27,healthy
2025-09-26 10:12:33,96.20,192.3,18.78,144,healthy
2025-09-26 10:12:39,103.62,829.8,81.04,104,healthy
2025-09-26 10:12:44,0.02,30.25,2.95,27,healthy
2025-09-26 10:12:50,0.01,30.32,2.96,26,healthy
2025-09-26 10:12:56,102.09,575.3,56.18,143,healthy
2025-09-26 10:13:02,0.00,7.055,0.69,107,unhealthy
2025-09-26 10:13:08,3.67,30.71,3.00,25,healthy
2025-09-26 10:13:14,12.77,30.8,3.01,37,healthy
2025-09-26 10:13:20,96.43,206.8,20.20,259,healthy
2025-09-26 10:13:27,98.99,816.6,79.75,241,healthy
2025-09-26 10:13:33,89.95,242.9,23.72,92,healthy
2025-09-26 10:13:39,96.33,696.1,67.98,113,healthy
2025-09-26 10:13:45,39.38,30.62,2.99,98,healthy
2025-09-26 10:13:51,81.10,339,33.11,92,healthy
2025-09-26 10:13:57,87.61,695.2,67.89,51,healthy
2025-09-26 10:14:03,99.28,951.5,92.92,612,healthy
2025-09-26 10:14:09,0.01,30.3,2.96,27,healthy
2025-09-26 10:14:15,0.01,30.39,2.97,246,healthy
2025-09-26 10:14:21,98.81,518.9,50.67,261,healthy
2025-09-26 10:14:27,0.00,2.223,0.22,17,unhealthy
2025-09-26 10:14:33,3.61,30.93,3.02,102,healthy
2025-09-26 10:14:39,73.58,142.7,13.94,248,healthy
2025-09-26 10:14:45,31.80,555.6,54.26,220,healthy
2025-09-26 10:14:52,91.49,949.3,92.71,401,unhealthy
2025-09-26 10:14:57,7.89,41.18,4.02,71,healthy
2025-09-26 10:15:03,1.53,41.23,4.03,230,healthy
2025-09-26 10:15:09,72.70,108.1,10.56,260,healthy
2025-09-26 10:15:15,53.74,531.1,51.87,91,healthy
2025-09-26 10:15:21,94.04,707.2,69.06,169,healthy
2025-09-26 10:15:28,83.66,969,94.63,405,unhealthy
2025-09-26 10:15:34,0.02,30.3,2.96,41,healthy
2025-09-26 10:15:39,0.01,30.38,2.97,196,healthy
2025-09-26 10:15:45,96.31,619.7,60.52,145,healthy
2025-09-26 10:15:51,45.70,975.1,95.22,58,healthy
2025-09-26 10:15:57,0.02,975.1,95.22,24,healthy
2025-09-26 10:16:03,1.51,981.6,95.86,191,healthy
2025-09-26 10:16:09,34.77,1012,98.83,257,unhealthy
2025-09-26 10:16:15,0.02,30.28,2.96,26,healthy
2025-09-26 10:16:21,68.35,142.6,13.93,213,healthy
2025-09-26 10:16:27,103.74,760.3,74.25,203,healthy
2025-09-26 10:16:33,0.01,30.16,2.95,44,healthy
2025-09-26 10:16:38,0.02,30.32,2.96,26,healthy
2025-09-26 10:16:44,103.16,463.1,45.22,258,healthy
2025-09-26 10:16:50,102.27,1019,99.51,20,unhealthy
2025-09-26 10:16:56,0.02,30.46,2.97,37,healthy
2025-09-26 10:17:01,6.55,30.52,2.98,116,healthy
2025-09-26 10:17:07,93.83,187.3,18.29,73,healthy
2025-09-26 10:17:13,112.30,715.8,69.90,217,healthy
2025-09-26 10:17:19,0.02,30.28,2.96,27,healthy
2025-09-26 10:17:25,0.01,30.36,2.96,40,healthy
2025-09-26 10:17:31,103.24,352.6,34.43,264,healthy
2025-09-26 10:17:37,92.77,855.2,83.52,294,healthy
2025-09-26 10:17:42,1.44,30.35,2.96,26,healthy
2025-09-26 10:17:48,0.02,30.37,2.97,24,healthy
2025-09-26 10:17:54,6.54,31.06,3.03,301,healthy
2025-09-26 10:18:00,95.50,687.6,67.15,123,healthy
2025-09-26 10:18:07,102.49,841.8,82.21,243,healthy
2025-09-26 10:18:12,2.78,30.27,2.96,27,healthy
2025-09-26 10:18:18,0.01,30.35,2.96,26,healthy
2025-09-26 10:18:24,99.49,222.4,21.72,141,healthy
2025-09-26 10:18:30,100.86,745.1,72.76,139,healthy
2025-09-26 10:18:35,0.02,30.18,2.95,27,healthy
2025-09-26 10:18:41,0.01,30.34,2.96,27,healthy
2025-09-26 10:18:47,105.61,386.5,37.74,556,healthy
2025-09-26 10:18:53,92.87,931.2,90.94,224,healthy
2025-09-26 10:18:59,2.15,30.65,2.99,25,healthy
2025-09-26 10:19:05,0.01,40.71,3.98,26,healthy
2025-09-26 10:19:11,100.78,167,16.31,172,healthy
2025-09-26 10:19:17,99.34,734.9,71.77,174,healthy
2025-09-26 10:19:22,0.02,30.21,2.95,26,healthy
2025-09-26 10:19:28,0.02,30.37,2.97,27,healthy
2025-09-26 10:19:34,89.59,302.4,29.53,303,healthy
2025-09-26 10:19:41,94.35,778.8,76.05,79,healthy
2025-09-26 10:19:47,0.02,30.23,2.95,25,healthy
2025-09-26 10:19:52,0.02,30.38,2.97,27,healthy
2025-09-26 10:19:58,101.36,409,39.94,220,healthy
2025-09-26 10:20:06,157.34,749.3,73.17,29,healthy
2025-09-26 10:20:12,0.02,30.23,2.95,26,healthy
2025-09-26 10:20:17,9.11,30.38,2.97,27,healthy
2025-09-26 10:20:23,5.14,31.18,3.04,125,healthy
2025-09-26 10:20:29,101.74,625.1,61.04,112,healthy
2025-09-26 10:20:35,43.99,30.16,2.95,26,healthy
2025-09-26 10:20:41,10.87,30.48,2.98,37,healthy
2025-09-26 10:20:47,0.01,30.49,2.98,69,healthy
2025-09-26 10:20:53,100.58,545.9,53.31,164,healthy
2025-09-26 10:20:59,0.00,11,100.00,24,unhealthy
2025-09-26 10:21:05,19.37,29.05,2.84,31,healthy
2025-09-26 10:21:11,0.01,29.07,2.84,27,healthy
2025-09-26 10:21:17,12.38,54.46,5.32,122,healthy
2025-09-26 10:21:23,102.99,571.2,55.78,218,healthy
2025-09-26 10:21:29,0.00,16.98,1.66,42,healthy
2025-09-26 10:21:34,10.78,28.93,2.83,27,healthy
2025-09-26 10:21:40,103.79,241.4,23.57,129,healthy
2025-09-26 10:21:46,72.54,750,73.24,49,healthy
2025-09-26 10:21:51,0.00,7.781,0.76,24,healthy
2025-09-26 10:21:57,8.87,29.03,2.83,27,healthy
2025-09-26 10:22:03,174.01,39.8,3.89,40,healthy
2025-09-26 10:22:09,100.89,432,42.19,285,healthy
2025-09-26 10:22:15,70.03,880.1,85.95,167,healthy
2025-09-26 10:22:21,0.02,28.97,2.83,30,healthy
2025-09-26 10:22:26,0.01,29.04,2.84,53,healthy
2025-09-26 10:22:33,101.61,570.1,55.67,421,healthy
2025-09-26 10:22:37,0.00,11,100.00,20,unhealthy
2025-09-26 10:22:43,0.01,29.66,2.90,27,healthy
2025-09-26 10:22:49,27.36,40.52,3.96,82,healthy
2025-09-26 10:22:54,95.41,557.1,54.40,181,healthy
2025-09-26 10:23:00,0.00,23.93,2.34,28,healthy
2025-09-26 10:23:06,11.33,29.74,2.90,26,healthy
2025-09-26 10:23:12,0.03,29.75,2.91,25,healthy
2025-09-26 10:23:18,102.36,338.3,33.04,138,healthy
2025-09-26 10:23:24,102.15,963.3,94.07,146,unhealthy
2025-09-26 10:23:29,0.02,28.87,2.82,26,healthy
2025-09-26 10:23:35,67.03,130.5,12.74,109,healthy
2025-09-26 10:23:41,99.96,662.9,64.74,208,healthy
2025-09-26 10:23:47,46.00,28.79,2.81,26,healthy
2025-09-26 10:23:53,9.38,29.08,2.84,27,healthy
2025-09-26 10:23:58,0.01,29.11,2.84,26,healthy
2025-09-26 10:24:06,116.96,342.8,33.48,219,healthy
2025-09-26 10:24:12,103.03,867.1,84.68,383,healthy
2025-09-26 10:24:18,95.93,159.9,15.62,151,healthy
2025-09-26 10:24:23,57.75,646.1,63.10,104,healthy
2025-09-26 10:24:29,15.20,28.79,2.81,27,healthy
2025-09-26 10:24:35,0.02,28.94,2.83,27,healthy
2025-09-26 10:24:41,97.33,320.9,31.34,329,healthy
2025-09-26 10:24:47,21.30,851.1,83.12,118,healthy
2025-09-26 10:24:51,22.59,28.78,2.81,27,healthy
2025-09-26 10:24:57,0.01,28.92,2.82,25,healthy
2025-09-26 10:25:04,219.14,145.9,14.25,398,healthy
2025-09-26 10:25:10,100.38,674.7,65.89,211,healthy
2025-09-26 10:25:16,25.74,28.78,2.81,27,healthy
2025-09-26 10:25:21,0.01,28.92,2.82,26,healthy
2025-09-26 10:25:27,99.59,273.5,26.71,310,healthy
2025-09-26 10:25:33,92.21,816.6,79.75,106,healthy
2025-09-26 10:25:39,15.25,28.78,2.81,25,healthy
2025-09-26 10:25:45,0.01,28.93,2.83,26,healthy
2025-09-26 10:27:05,88.12,116.9,11.42,194,healthy
2025-09-26 10:27:11,16.55,562.1,54.89,55,healthy
2025-09-26 10:27:17,102.82,980.7,95.77,185,unhealthy
2025-09-26 10:27:23,0.01,33.87,3.31,26,healthy
2025-09-26 10:27:28,69.34,162.7,15.89,113,healthy
2025-09-26 10:27:35,103.58,694.3,67.80,87,healthy
2025-09-26 10:27:41,0.02,33.18,3.24,26,healthy
2025-09-26 10:27:46,0.02,33.46,3.27,26,healthy
2025-09-26 10:27:52,0.01,33.48,3.27,28,healthy
2025-09-26 10:27:58,105.35,529.9,51.75,276,healthy
2025-09-26 10:28:06,103.45,962.1,93.96,122,healthy
2025-09-26 10:28:11,1.11,30.32,2.96,26,healthy
2025-09-26 10:28:17,0.02,40.39,3.94,26,healthy
2025-09-26 10:28:22,0.02,40.39,3.94,27,healthy
2025-09-26 10:28:28,97.69,397.8,38.85,68,healthy
2025-09-26 10:28:34,101.53,974.1,95.13,43,unhealthy
2025-09-26 10:28:40,0.01,30.35,2.96,28,healthy
2025-09-26 10:28:46,0.02,30.39,2.97,25,healthy
2025-09-26 10:28:51,93.22,247.3,24.15,190,healthy
2025-09-26 10:28:57,99.50,757.5,73.97,205,healthy
2025-09-26 10:29:04,1.99,30.39,2.97,55,healthy
2025-09-26 10:29:10,0.02,40.48,3.95,25,healthy
2025-09-26 10:29:15,0.02,40.5,3.96,96,healthy
2025-09-26 10:29:22,104.25,539.4,52.68,246,healthy
2025-09-26 10:29:28,98.94,800.2,78.14,218,healthy
2025-09-26 10:29:33,0.01,30.3,2.96,26,healthy
2025-09-26 10:29:39,0.02,30.38,2.97,27,healthy
2025-09-26 10:29:45,103.21,533.3,52.08,141,healthy
2025-09-26 10:29:51,100.65,900.7,87.96,359,healthy
2025-09-26 10:29:57,4.92,50.61,4.94,167,healthy
2025-09-26 10:30:04,63.57,502.3,49.05,248,healthy
2025-09-26 10:30:10,11.08,822.9,80.36,26,healthy
2025-09-26 10:30:16,8.30,822.9,80.36,26,healthy
2025-09-26 10:30:22,100.53,880.9,86.03,87,healthy
2025-09-26 10:30:27,1.08,30.48,2.98,26,healthy
2025-09-26 10:30:33,104.73,522.7,51.04,120,healthy
2025-09-26 10:30:39,0.02,582.3,56.87,37,healthy
2025-09-26 10:30:44,0.02,582.4,56.88,28,healthy
2025-09-26 10:30:51,101.96,974,95.12,128,unhealthy
2025-09-26 10:30:56,0.03,30.3,2.96,27,healthy
2025-09-26 10:31:02,45.30,30.95,3.02,144,healthy
2025-09-26 10:31:08,102.56,404,39.45,92,healthy
2025-09-26 10:31:15,105.01,847.9,82.80,245,healthy
2025-09-26 10:31:20,0.02,30.26,2.96,27,healthy
2025-09-26 10:31:26,0.01,30.33,2.96,33,healthy
2025-09-26 10:31:32,102.88,540.5,52.78,141,healthy
2025-09-26 10:31:38,0.00,11.71,1.14,26,healthy
2025-09-26 10:31:43,7.84,30.39,2.97,26,healthy
2025-09-26 10:31:50,100.64,249.9,24.40,439,healthy
2025-09-26 10:31:56,102.61,915.7,89.42,139,healthy
2025-09-26 10:32:02,112.51,317.1,30.97,468,healthy
2025-09-26 10:32:08,1.38,386.5,37.74,43,healthy
2025-09-26 10:32:14,0.01,386.6,37.75,27,healthy
2025-09-26 10:32:19,2.68,386.8,37.77,27,healthy
2025-09-26 10:32:25,89.52,709.7,69.31,173,healthy
2025-09-26 10:32:31,21.39,30.25,2.95,28,healthy
2025-09-26 10:32:36,0.02,30.39,2.97,26,healthy
2025-09-26 10:32:43,98.99,312.4,30.51,169,healthy
2025-09-26 10:32:49,99.37,818.9,79.97,113,healthy
2025-09-26 10:32:54,0.02,30.3,2.96,27,healthy
2025-09-26 10:33:00,0.02,30.39,2.97,36,healthy
2025-09-26 10:33:07,92.74,274.3,26.79,322,healthy
2025-09-26 10:33:13,101.68,749.8,73.22,86,healthy
2025-09-26 10:33:18,0.02,30.23,2.95,27,healthy
2025-09-26 10:33:24,0.01,30.39,2.97,25,healthy
2025-09-26 10:33:30,92.41,342.4,33.44,414,healthy
2025-09-26 10:33:36,86.39,917.3,89.58,168,healthy
2025-09-26 10:33:42,0.02,30.31,2.96,28,healthy
2025-09-26 10:33:48,15.75,37.12,3.62,129,healthy
2025-09-26 10:33:54,102.47,673.9,65.81,221,healthy
2025-09-26 10:34:00,39.51,30.29,2.96,45,healthy
2025-09-26 10:34:06,0.01,30.36,2.96,32,healthy
2025-09-26 10:34:11,0.02,30.38,2.97,64,healthy
2025-09-26 10:34:17,100.41,618,60.35,53,healthy
2025-09-26 10:34:23,0.00,,,16,unhealthy
2025-09-26 10:34:29,1.03,30.34,2.96,52,healthy
2025-09-26 10:34:35,102.61,192.1,18.76,302,healthy
2025-09-26 10:34:41,99.00,775.6,75.74,184,healthy
2025-09-26 10:34:47,0.01,30.25,2.95,32,healthy
2025-09-26 10:34:52,0.02,30.32,2.96,28,healthy
2025-09-26 10:34:58,98.55,471.7,46.06,233,healthy
2025-09-26 10:35:05,220.96,820.6,80.14,196,healthy
2025-09-26 10:35:10,33.55,30.16,2.95,28,healthy
2025-09-26 10:35:15,0.02,30.35,2.96,42,healthy
2025-09-26 10:35:21,0.01,30.37,2.97,27,healthy
2025-09-26 10:35:27,101.11,303.8,29.67,239,healthy
2025-09-26 10:35:33,94.19,875.3,85.48,131,healthy
2025-09-26 10:35:39,1.86,30.39,2.97,29,healthy
2025-09-26 10:35:44,0.05,30.43,2.97,26,healthy
2025-09-26 10:35:50,0.02,30.44,2.97,111,healthy
2025-09-26 10:35:56,102.47,637,62.21,230,healthy
2025-09-26 10:36:03,89.04,16.13,1.58,243,unhealthy
2025-09-26 10:36:09,0.02,30.25,2.95,32,healthy
2025-09-26 10:36:15,69.92,317.5,31.01,190,healthy
2025-09-26 10:36:21,106.53,731,71.39,232,healthy
2025-09-26 10:36:26,12.42,31.46,3.07,28,healthy
2025-09-26 10:36:32,0.02,31.61,3.09,28,healthy
2025-09-26 10:36:39,105.32,377.4,36.86,436,healthy
2025-09-26 10:36:45,102.87,932.9,91.10,404,unhealthy
2025-09-26 10:36:51,0.02,31.64,3.09,27,healthy
2025-09-26 10:36:56,13.56,32.79,3.20,213,healthy
2025-09-26 10:37:04,259.74,539.5,52.69,1164,healthy
2025-09-26 10:37:10,103.28,1018,99.41,34,unhealthy
2025-09-26 10:37:16,3.30,46.7,4.56,27,healthy
2025-09-26 10:37:21,0.02,46.7,4.56,54,healthy
2025-09-26 10:37:27,68.95,123.1,12.02,126,healthy
2025-09-26 10:37:34,97.39,565.5,55.22,438,healthy
2025-09-26 10:37:40,65.69,31.49,3.08,28,healthy
2025-09-26 10:37:46,7.72,31.64,3.09,27,healthy
2025-09-26 10:37:52,88.54,183.3,17.90,304,healthy
2025-09-26 10:37:58,96.42,689.8,67.36,148,healthy
2025-09-26 10:38:04,175.29,965.2,94.26,83,healthy
2025-09-26 10:38:10,0.02,31.57,3.08,27,healthy
2025-09-26 10:38:16,53.16,102.8,10.04,527,healthy
2025-09-26 10:38:22,101.67,714.2,69.75,227,healthy
2025-09-26 10:38:28,28.29,31.5,3.08,26,healthy
2025-09-26 10:38:34,0.02,31.64,3.09,26,healthy
2025-09-26 10:38:40,102.66,324.1,31.65,286,healthy
2025-09-26 10:38:46,96.76,789.1,77.06,161,healthy
2025-09-26 10:38:51,0.01,31.58,3.08,24,healthy
2025-09-26 10:38:57,0.01,31.66,3.09,30,healthy
2025-09-26 10:39:03,197.64,373.6,36.48,129,healthy
2025-09-26 10:39:10,87.17,696.8,68.05,143,healthy
2025-09-26 10:39:15,32.30,31.43,3.07,26,healthy
2025-09-26 10:39:21,0.01,31.58,3.08,27,healthy
2025-09-26 10:39:27,88.57,181.4,17.71,246,healthy
2025-09-26 10:39:33,100.55,751.7,73.41,307,healthy
2025-09-26 10:39:39,14.22,31.49,3.08,27,healthy
2025-09-26 10:39:44,0.02,31.65,3.09,27,healthy
2025-09-26 10:39:51,102.83,381.7,37.28,270,healthy
2025-09-26 10:39:57,104.32,994.4,97.11,97,unhealthy
2025-09-26 10:40:03,0.01,31.57,3.08,154,healthy
2025-09-26 10:40:09,13.93,52.74,5.15,174,healthy
2025-09-26 10:40:15,97.20,635.7,62.08,233,healthy
2025-09-26 10:40:21,57.03,31.49,3.08,28,healthy
2025-09-26 10:40:27,10.04,31.64,3.09,26,healthy
2025-09-26 10:40:33,92.83,238.4,23.28,676,healthy
2025-09-26 10:40:40,102.47,834.8,81.52,220,healthy
2025-09-26 10:40:45,6.37,31.57,3.08,26,healthy
2025-09-26 10:40:51,0.01,31.62,3.09,26,healthy
2025-09-26 10:40:57,48.64,121.7,11.88,266,healthy
2025-09-26 10:41:04,114.55,569.1,55.58,974,healthy
2025-09-26 10:41:10,37.62,30.28,2.96,26,healthy
2025-09-26 10:41:16,11.85,30.42,2.97,26,healthy
2025-09-26 10:41:22,104.51,279.5,27.29,222,healthy
2025-09-26 10:41:28,103.04,873.4,85.29,75,healthy
2025-09-26 10:41:33,0.02,30.35,2.96,29,healthy
2025-09-26 10:41:39,0.02,30.43,2.97,26,healthy
2025-09-26 10:41:45,102.29,592.1,57.82,133,healthy
2025-09-26 10:41:52,0.01,30.34,2.96,25,healthy
2025-09-26 10:41:57,0.02,30.74,3.00,26,healthy
2025-09-26 10:42:03,0.01,30.75,3.00,68,healthy
2025-09-26 10:42:09,101.42,403.7,39.42,310,healthy
2025-09-26 10:42:16,86.30,914.8,89.34,189,healthy
2025-09-26 10:42:21,1.62,35.54,3.47,43,healthy
2025-09-26 10:42:27,0.01,35.71,3.49,26,healthy
2025-09-26 10:42:33,0.03,35.73,3.49,156,healthy
2025-09-26 10:42:39,104.43,501.2,48.95,261,healthy
2025-09-26 10:42:45,0.00,1.895,0.19,15,unhealthy
2025-09-26 10:42:50,0.02,40.44,3.95,27,healthy
2025-09-26 10:42:56,11.41,40.51,3.96,90,healthy
2025-09-26 10:43:04,137.48,666.6,65.10,1378,healthy
2025-09-26 10:43:10,0.00,1.676,0.16,15,unhealthy
2025-09-26 10:43:15,0.01,30.29,2.96,27,healthy
2025-09-26 10:43:21,24.88,41.35,4.04,277,healthy
2025-09-26 10:43:28,101.99,758.7,74.09,274,healthy
2025-09-26 10:43:33,40.61,30.28,2.96,29,healthy
2025-09-26 10:43:39,102.32,522.6,51.04,76,healthy
2025-09-26 10:43:45,0.01,582.3,56.87,26,healthy
2025-09-26 10:43:50,0.01,582.3,56.87,27,healthy
2025-09-26 10:43:56,0.00,11,100.00,19,unhealthy
2025-09-26 10:44:03,176.37,336.8,32.89,342,healthy
2025-09-26 10:44:08,101.99,622.4,60.78,74,healthy
2025-09-26 10:44:14,8.80,872.8,85.23,26,healthy
2025-09-26 10:44:20,0.01,872.8,85.23,25,healthy
2025-09-26 10:44:26,0.00,2.133,0.21,15,unhealthy
2025-09-26 10:44:31,101.81,320.5,31.30,155,healthy
2025-09-26 10:44:37,11.94,723.2,70.62,27,healthy
2025-09-26 10:44:43,6.72,723.2,70.62,26,healthy
2025-09-26 10:44:48,5.29,737.5,72.02,42,healthy
2025-09-26 10:44:54,0.00,19.72,1.93,26,healthy
2025-09-26 10:45:00,7.88,30.42,2.97,49,healthy
2025-09-26 10:45:06,92.71,172,16.80,85,healthy
2025-09-26 10:45:13,102.59,675.8,66.00,195,healthy
2025-09-26 10:45:18,20.91,30.28,2.96,31,healthy
2025-09-26 10:45:24,0.01,30.43,2.97,36,healthy
2025-09-26 10:45:30,105.10,334.6,32.68,254,healthy
2025-09-26 10:45:36,73.00,737.3,72.00,134,healthy
2025-09-26 10:45:42,0.02,30.27,2.96,26,healthy
2025-09-26 10:45:48,0.02,30.42,2.97,28,healthy
2025-09-26 10:45:54,99.29,398.8,38.95,297,healthy
2025-09-26 10:46:00,88.45,855.3,83.53,261,healthy
2025-09-26 10:46:06,0.03,30.3,2.96,28,healthy
2025-09-26 10:46:12,0.01,30.37,2.97,366,healthy
2025-09-26 10:46:18,17.40,574.3,56.08,221,healthy
2025-09-26 10:46:24,66.91,1011,98.73,66,unhealthy
2025-09-26 10:46:30,1.13,30.55,2.98,124,healthy
2025-09-26 10:46:35,52.88,627.3,61.26,26,healthy
2025-09-26 10:46:41,9.56,627.4,61.27,26,healthy
2025-09-26 10:46:47,15.31,637.5,62.26,56,healthy
2025-09-26 10:46:53,101.81,1019,99.51,17,unhealthy
2025-09-26 10:46:58,0.01,30.3,2.96,31,healthy
2025-09-26 10:47:05,115.62,141.8,13.85,166,healthy
2025-09-26 10:47:11,100.01,662.9,64.74,100,healthy
2025-09-26 10:47:17,34.13,30.44,2.97,26,healthy
2025-09-26 10:47:23,102.69,502.3,49.05,107,healthy
2025-09-26 10:47:29,101.95,898.3,87.72,153,healthy
2025-09-26 10:47:34,0.02,30.35,2.96,28,healthy
2025-09-26 10:47:40,5.26,40.88,3.99,78,healthy
2025-09-26 10:47:46,100.06,534.7,52.22,283,healthy
2025-09-26 10:47:52,0.00,17.75,1.73,26,healthy
2025-09-26 10:47:58,9.79,30.43,2.97,26,healthy
2025-09-26 10:48:05,114.89,167.2,16.33,169,healthy
2025-09-26 10:48:11,99.32,503.2,49.14,180,healthy
2025-09-26 10:48:16,4.53,998.8,97.54,26,healthy
2025-09-26 10:48:22,5.51,1005,98.14,25,healthy
2025-09-26 10:48:28,28.63,1016,99.22,62,unhealthy
2025-09-26 10:48:34,35.81,96.1,9.38,120,healthy
2025-09-26 10:48:39,2.83,582.3,56.87,92,healthy
2025-09-26 10:48:45,0.00,11,100.00,17,unhealthy
2025-09-26 10:48:51,0.02,30.36,2.96,28,healthy
2025-09-26 10:48:56,21.17,60.95,5.95,46,healthy
2025-09-26 10:49:03,197.56,478.8,46.76,579,healthy
2025-09-26 10:49:10,96.98,885,86.43,163,healthy
2025-09-26 10:49:15,7.22,40.48,3.95,28,healthy
2025-09-26 10:49:21,0.02,40.54,3.96,28,healthy
2025-09-26 10:49:27,24.82,70.48,6.88,212,healthy
2025-09-26 10:49:33,101.59,641.1,62.61,224,healthy
2025-09-26 10:49:39,91.17,1012,98.83,21,unhealthy
2025-09-26 10:49:45,0.03,30.36,2.96,29,healthy
2025-09-26 10:49:51,94.03,172.6,16.86,131,healthy
2025-09-26 10:49:57,102.65,721.7,70.48,90,healthy
2025-09-26 10:50:03,119.32,12.89,1.26,118,unhealthy
2025-09-26 10:50:09,0.01,30.36,2.96,32,healthy
2025-09-26 10:50:15,101.87,308,30.08,170,healthy
2025-09-26 10:50:21,100.53,820.4,80.12,147,healthy
2025-09-26 10:50:27,6.42,40.53,3.96,49,healthy
2025-09-26 10:50:32,0.02,40.66,3.97,27,healthy
2025-09-26 10:50:38,0.02,40.67,3.97,82,healthy
2025-09-26 10:50:44,100.81,494.8,48.32,128,healthy
2025-09-26 10:50:50,101.98,745,72.75,149,healthy
2025-09-26 10:50:54,15.23,30.23,2.95,31,healthy
2025-09-26 10:51:00,0.01,30.38,2.97,26,healthy
2025-09-26 10:51:07,100.56,233,22.75,218,healthy
2025-09-26 10:51:13,73.79,751.7,73.41,115,healthy
2025-09-26 10:51:19,26.68,30.27,2.96,47,healthy
2025-09-26 10:51:24,0.01,45.59,4.45,26,healthy
2025-09-26 10:51:30,0.02,45.6,4.45,26,healthy
2025-09-26 10:51:36,99.47,315.8,30.84,456,healthy
2025-09-26 10:51:43,95.53,910.6,88.93,124,healthy
2025-09-26 10:51:48,0.02,30.36,2.96,27,healthy
2025-09-26 10:51:54,0.02,30.44,2.97,68,healthy
2025-09-26 10:52:00,102.52,536.7,52.41,206,healthy
2025-09-26 10:52:06,91.96,851.2,83.12,182,healthy
2025-09-26 10:52:12,0.01,30.36,2.96,25,healthy
2025-09-26 10:52:18,0.03,30.44,2.97,26,healthy
2025-09-26 10:52:24,100.38,491.6,48.01,24,healthy
2025-09-26 10:52:30,99.95,921.5,89.99,36,healthy
2025-09-26 10:52:35,0.02,30.36,2.96,26,healthy
2025-09-26 10:52:41,8.48,40.79,3.98,163,healthy
2025-09-26 10:52:47,101.80,588.9,57.51,289,healthy
2025-09-26 10:52:53,35.52,30.28,2.96,27,healthy
2025-09-26 10:52:59,10.40,30.42,2.97,26,healthy
2025-09-26 10:53:06,5.06,51.28,5.01,369,healthy
2025-09-26 10:53:12,43.70,552.9,53.99,193,healthy
2025-09-26 10:53:18,93.47,1020,99.61,23,unhealthy
2025-09-26 10:53:23,0.49,45.6,4.45,27,healthy
2025-09-26 10:53:29,0.03,45.65,4.46,25,healthy
2025-09-26 10:53:35,57.40,106.6,10.41,307,healthy
2025-09-26 10:53:41,43.38,593.2,57.93,55,healthy
2025-09-26 10:53:46,85.89,944.3,92.22,27,healthy
2025-09-26 10:53:52,103.31,181.5,17.72,78,healthy
2025-09-26 10:53:58,0.01,612.3,59.79,26,healthy
2025-09-26 10:54:04,0.02,612.4,59.80,25,healthy
2025-09-26 10:54:10,101.41,729.5,71.24,175,healthy
2025-09-26 10:54:16,18.58,30.27,2.96,24,healthy
2025-09-26 10:54:22,0.01,30.42,2.97,27,healthy
2025-09-26 10:54:28,102.24,293.7,28.68,306,healthy
2025-09-26 10:54:34,100.25,670.4,65.47,118,healthy
2025-09-26 10:54:40,40.41,30.27,2.96,26,healthy
2025-09-26 10:54:45,10.72,30.57,2.99,25,healthy
2025-09-26 10:54:51,0.02,30.58,2.99,26,healthy
2025-09-26 10:54:57,98.76,266.8,26.05,157,healthy
2025-09-26 10:55:04,174.52,701.3,68.49,629,healthy
2025-09-26 10:55:09,0.01,30.2,2.95,27,healthy
2025-09-26 10:55:15,0.01,30.34,2.96,27,healthy
2025-09-26 10:55:21,103.08,389,37.99,313,healthy
2025-09-26 10:55:27,93.22,1024,100.00,22,unhealthy
2025-09-26 10:55:33,0.02,30.28,2.96,35,healthy
2025-09-26 10:55:39,7.37,41.16,4.02,312,healthy
2025-09-26 10:55:45,99.15,522.1,50.99,279,healthy
2025-09-26 10:55:51,0.00,11,100.00,17,unhealthy
2025-09-26 10:55:57,103.12,537.2,52.46,161,healthy
2025-09-26 10:56:03,48.30,597.2,58.32,98,healthy
2025-09-26 10:56:09,15.64,597.4,58.34,25,healthy
2025-09-26 10:56:15,101.88,913.6,89.22,289,healthy
2025-09-26 10:56:21,0.02,30.31,2.96,29,healthy
